,Factor1,Factor2,species
Factor1,1.0,2.4936593088956998e-14,0.9494745986280055
Factor2,2.4936593088956998e-14,1.0,-0.023268545817165563
species,0.9494745986280055,-0.023268545817165563,1.0
