,Factor1,Factor2,species
Factor1,1.0,-5.233128395384351e-14,-0.9548413697504806
Factor2,-5.233128395384351e-14,1.0,0.19895229569985273
species,-0.9548413697504806,0.19895229569985273,1.0
