species,sepal_length_std,sepal_width_std,petal_length_std,petal_width_std
150.0,150.0,150.0,150.0,150.0
1.0,-1.451616604697392e-15,-1.74073718402686e-15,-1.9591735641218598e-15,-4.98860212398237e-16
0.8192319205190405,1.0000000000000007,0.999999999999999,0.9999999999999998,0.9999999999999998
0.0,-1.8637802962695191,-2.4308436996988476,-1.5634973589465184,-1.439626813373668
0.0,-0.8976738791967673,-0.5858010433809383,-1.2234423509591175,-1.1775588255022482
1.0,-0.05233076425810915,-0.12454037930146054,0.33514310231647043,0.13278111385485217
2.0,0.6722490485464555,0.5673506168177551,0.7602118623007215,0.7879510835334023
2.0,2.4836985805578657,3.1042842692548818,1.7803768862629248,1.7051890410833725
