,species,sepal_length_std,sepal_width_std,petal_length_std,petal_width_std
species,1.0,0.7825612318100824,-0.419446200260028,0.9490425448523351,0.956463823801617
sepal_length_std,0.7825612318100824,1.0,-0.10936924995064923,0.8717541573048715,0.8179536333691634
sepal_width_std,-0.419446200260028,-0.10936924995064923,1.0,-0.42051609640115495,-0.3565440896138057
petal_length_std,0.9490425448523351,0.8717541573048715,-0.42051609640115495,1.0,0.9627570970509667
petal_width_std,0.956463823801617,0.8179536333691634,-0.3565440896138057,0.9627570970509667,1.0
