,Factor1,Factor2,species
Factor1,1.0,0.008349847593015733,0.8869925296901712
Factor2,0.008349847593015733,1.0,-0.29198826966777325
species,0.8869925296901712,-0.29198826966777325,1.0
